<?xml version="1.0" encoding="UTF-8"?>
<project-private xmlns="http://www.netbeans.org/ns/project-private/1">
    <data xmlns="http://www.netbeans.org/ns/make-project-private/1">
        <activeConfTypeElem>1</activeConfTypeElem>
        <activeConfIndexElem>0</activeConfIndexElem>
    </data>
    <editor-bookmarks xmlns="http://www.netbeans.org/ns/editor-bookmarks/2" lastBookmarkId="0"/>
    <open-files xmlns="http://www.netbeans.org/ns/projectui-open-files/2">
        <group>
            <file>file:/Users/Jysn/NetBeansProjects/C867PA/Degree.h</file>
            <file>file:/Users/Jysn/NetBeansProjects/C867PA/SecurityStudent.h</file>
            <file>file:/Users/Jysn/NetBeansProjects/C867PA/NetworkStudent.cpp</file>
            <file>file:/Users/Jysn/NetBeansProjects/C867PA/SoftwareStudent.h</file>
            <file>file:/Users/Jysn/NetBeansProjects/C867PA/SoftwareStudent.cpp</file>
            <file>file:/Users/Jysn/NetBeansProjects/C867PA/Student.h</file>
            <file>file:/Users/Jysn/NetBeansProjects/C867PA/NetworkStudent.h</file>
            <file>file:/Users/Jysn/NetBeansProjects/C867PA/Student.cpp</file>
            <file>file:/Users/Jysn/NetBeansProjects/C867PA/Roster.cpp</file>
            <file>file:/Users/Jysn/NetBeansProjects/C867PA/Roster.h</file>
            <file>file:/Users/Jysn/NetBeansProjects/C867PA/SecurityStudent.cpp</file>
        </group>
    </open-files>
</project-private>
